Description,Address,Value,Type
Demul_Values,,,Byte
Demul_Current_Save_State,demul.exe+DCB980,1,Byte
Demul_Pause State On/Off,demul.exe+D9B536,0,Byte
Demul_Sound,spuDemul.dll+D34F4,0,Byte
Demul_SoundOn/SoundOff,,,Pointer
Demul_Pause/Unpause,,,Pointer
LY,,,Byte
Base Addresses,,,Byte
demul.exe,demul.exe,,Byte
padDemul.dll,padDemul.dll,,Byte
ROM Base Address,2C000000,,Byte
P1C1,2C268340,,Byte
P1C2,2C268E88,,Byte
P1C3,2C2699D0,,Byte
P2C1,2C2688E4,,Byte
P2C2,2C26942C,,Byte
P2C3,2C269F74,,Byte
First Projectile/Effect,2C2723C4,,Byte
Last Projectile/Effect,2C287884,,Byte
DINPUT8.dll,DINPUT8.dll,,Byte
Emulator,,,Byte
Emulation Pause,demul.exe+D9B536,0,Byte
Game,,,Byte
Frame Counters,,,Byte
Scene Frame Counter,2C1F9D80,22416,4 Byte
Total Frame Counter,2C3496B0,39386,4 Byte
Frame Skip,,,Byte
Frame Skip Reset Target,2C289620,4,Byte
Frame Skip Timer,2C289621,4,Byte
Hitbox Objects Lists,,,Byte
Hitbox Object List P1,2C287AEC,2351334208,4 Byte
Hitbox Object List P2,2C287C64,2351335652,4 Byte
Hitbox Object Count P1,2C287DDE,1,Byte
Hitbox Object Count P2,2C287DDF,1,Byte
Hyper Gauge,,,Byte
Hyper Gauge Bar P1,2C289646,0,2 Byte
Hyper Gauge Bar P2,2C289648,0,2 Byte
Hyper Gauge Count P1,2C28964A,5,Byte
Hyper Gauge Count P2,2C28964B,5,Byte
Miscellaneous,,,Byte
Contoroller/Pause Menu,2C212CA2,0,Byte
Game Active,2C2433C8,1,Byte
First Attack Indicator,2C2895F2,128,Byte
Match Start Frame Counter,2C289600,22118,2 Byte
Attacking Hitboxes Created Counter P1,2C28966C,0,2 Byte
Attacking Hitboxes Created Counter P2,2C28966E,0,2 Byte
Successful Hits Counter P1,2C289670,90,2 Byte
Successful Hits Counter P2,2C289672,8,2 Byte
Player Inputs,,,Byte
Input Flags A P1,2C2681DC,0,Byte
Input Flags B P1,2C2681DD,0,Byte
X Button Map P1,2C212C1C,0,Byte
Y Button Map P1,2C212C1E,1,Byte
A Button Map P1,2C212C20,2,Byte
B Button Map P1,2C212C22,3,Byte
L Button Map P1,2C212C24,4,Byte
R Button Map P1,2C212C26,5,Byte
Input Flags A P2,2C2681F0,0,Byte
Input Flags B P2,2C2681F1,0,Byte
X Button Map P2,2C212C28,0,Byte
Y Button Map P2,2C212C2A,1,Byte
A Button Map P2,2C212C2C,2,Byte
B Button Map P2,2C212C2E,3,Byte
L Button Map P2,2C212C30,4,Byte
R Button Map P2,2C212C32,5,Byte
Stage,,,Byte
Screen Arena Position X,2C1F9CD8,450.6577148,Float
Screen Arena Position Y,2C1F9CDC,95.00001526,Float
Final Level Shift Trigger,2C26A8C8,0,Byte
Game Timer,2C289630,99,Byte
Game Timer Timer,2C289631,50,Byte
Stage ID,2C289638,2,Byte
P1_A,,,Byte
Animation,,,Byte
Receiving Damage Animation State,2C268345,0,Byte
Special Move Animation State,2C268346,0,Byte
Is Facing Right,2C268450,1,Byte
Animation Cycle Frame Timer,2C268482,2,Byte
Sprite ID,2C268484,58,2 Byte
Animation Pause Timer,2C2684E0,0,Byte
Animation State,2C268510,0,Byte
Is Facing Right,2C268512,1,Byte
Combat,,,Byte
Normal Attack Held Direction,2C268362,0,Byte
Jumping Special Move Limiter,2C268514,0,Byte
Air Dash Count,2C268515,0,Byte
Normal Jumping Actions Counter,2C268516,0,Byte
Multiple Jumps Counter,2C268519,0,Byte
Normal Move Light/Medium/Heavy,2C268528,0,Byte
Current Special Move ID,2C268529,0,Byte
Special Attack Disable Timer,2C268532,0,Byte
Attack Disable Timer,2C268533,0,Byte
Has Been Thrown Count,2C26857A,0,Byte
DHC Special Move ID,2C268598,0,Byte
Assist ID,2C268809,0,Byte
Flight Timers,,,Byte
Flight Timer (Sentinel),2C2685E4,0,2 Byte
Flight Timer (Iron Man/War Machine),2C2685E8,0,2 Byte
Flight Timer (Magneto),2C2685EA,0,2 Byte
Flight Timer (Dhalsim),2C2685EC,0,2 Byte
Flight Timer (Doctor Doom/M. Bison),2C2685EE,0,2 Byte
Flight Timer (Storm),2C2685F4,0,2 Byte
Health,,,Byte
Dizzy Stun Counter,2C268521,80,Byte
Dizzy Stun Reset Timer,2C268522,0,Byte
Throw Immune Frame Timer,2C26852B,0,Byte
Attack Immune Frame Timer,2C26852D,0,Byte
Character Health,2C268760,144,Byte
Character Red Health,2C268764,144,Byte
Miscellaneous,,,Byte
Is Active,2C268340,1,Byte
Character ID,2C268341,23,Byte
Flying Screen Focus,2C268575,0,Byte
Distance From Enemy,2C2685D8,38.33334351,Float
CPU Control,2C268865,0,Byte
Character ID,2C26886C,23,Byte
Palette ID,2C26886D,1,Byte
Miscellaneous Timers,,,Byte
Camera Bounds Break Timer,2C268534,0,Byte
Snapout Character Disable Timer,2C2685E0,0,2 Byte
Modifiers,,,Byte
Speed Up,2C268540,0,Byte
Flight,2C268541,0,Byte
Hyper Armor,2C268542,0,Byte
Idle Hover Animation,2C268543,0,Byte
Damage Modifier,2C268545,0,Byte
Defense Modifier,2C268546,0,Byte
Landing Screen Shake Effect Intensity,2C268547,3,Byte
Movement,,,Byte
Velocity X,2C26839C,0,Float
Velocity Y,2C2683A0,0,Float
Gravity X,2C2683A8,0,Float
Gravity Y,2C2683AC,0,Float
Position,,,Byte
Arena Position X,2C268374,250.6576233,Float
Arena Position Y,2C268378,0,Float
Screen Position X,2C268420,119.9998932,Float
Screen Position Y,2C268424,433.3999939,Float
Pointers,,,Byte
Sprite Pointer,2C268494,206752780,4 Byte
DatGFX1 Pointer?,2C26849C,205652032,4 Byte
DatGFX2 Pointer?,2C2684A0,206616768,4 Byte
DatPal Pointer?,2C2684A4,206682624,4 Byte
Animations Pointer?,2C2684A8,206749984,4 Byte
Hitbox Pattern Table Pointer?,2C2684AC,206774272,4 Byte
Hitbox Table Pointer,2C2684B0,206776128,4 Byte
Attack Data Pointer?,2C2684B4,206778176,4 Byte
Projectile/Extras Pointer?,2C2684B8,206684448,4 Byte
DatFPNT Pointer?,2C2684BC,205651968,4 Byte
Prj Pointer?,2C2684C0,206983168,4 Byte
FAC Texture Pointer?,2C2684C4,206995456,4 Byte
Receiving Attack Pointer,2C2684FC,210906944,4 Byte
Hitbox Choice Pointer,2C268500,206774288,4 Byte
Enemy Pointer,2C26854C,2351335652,4 Byte
Scaling,,,Byte
Sprite Scale X,2C268390,1,Float
Sprite Scale Y,2C268394,1,Float
Sprite Scale Z,2C268398,1,Float
Hitbox Scaling X,2C26842C,1.666666985,Float
Hitbox Scaling Y,2C268430,2.142857552,Float
Overall Scaling X,2C2685C4,1,Float
Overall Scaling Y,2C2685C8,1,Float
Overall Scaling Z,2C2685CC,1,Float
P1_B,,,Byte
Animation,,,Byte
Receiving Damage Animation State,2C268E8D,0,Byte
Special Move Animation State,2C268E8E,0,Byte
Is Facing Right,2C268F98,1,Byte
Animation Cycle Frame Timer,2C268FCA,2,Byte
Sprite ID,2C268FCC,125,2 Byte
Animation Pause Timer,2C269028,0,Byte
Animation State,2C269058,0,Byte
Is Facing Right,2C26905A,1,Byte
Combat,,,Byte
Normal Attack Held Direction,2C268EAA,0,Byte
Jumping Special Move Limiter,2C26905C,0,Byte
Air Dash Count,2C26905D,0,Byte
Normal Jumping Actions Counter,2C26905E,0,Byte
Multiple Jumps Counter,2C269061,0,Byte
Normal Move Light/Medium/Heavy,2C269070,0,Byte
Current Special Move ID,2C269071,0,Byte
Special Attack Disable Timer,2C26907A,0,Byte
Attack Disable Timer,2C26907B,0,Byte
Has Been Thrown Count,2C2690C2,0,Byte
DHC Special Move ID,2C2690E0,0,Byte
Assist ID,2C269351,0,Byte
Flight Timers,,,Byte
Flight Timer (Sentinel),2C26912C,0,2 Byte
Flight Timer (Iron Man/War Machine),2C269130,0,2 Byte
Flight Timer (Magneto),2C269132,0,2 Byte
Flight Timer (Dhalsim),2C269134,0,2 Byte
Flight Timer (Doctor Doom/M. Bison),2C269136,0,2 Byte
Flight Timer (Storm),2C26913C,0,2 Byte
Health,,,Byte
Dizzy Stun Counter,2C269069,80,Byte
Dizzy Stun Reset Timer,2C26906A,0,Byte
Throw Immune Frame Timer,2C269073,0,Byte
Attack Immune Frame Timer,2C269075,2,Byte
Character Health,2C2692A8,144,Byte
Character Red Health,2C2692AC,144,Byte
Miscellaneous,,,Byte
Is Active,2C268E88,0,Byte
Character ID,2C268E89,23,Byte
Flying Screen Focus,2C2690BD,0,Byte
Distance From Enemy,2C269120,687.9147949,Float
CPU Control,2C2693AD,0,Byte
Character ID,2C2693B4,23,Byte
Palette ID,2C2693B5,2,Byte
Miscellaneous Timers,,,Byte
Camera Bounds Break Timer,2C26907C,1,Byte
Snapout Character Disable Timer,2C269128,0,2 Byte
Modifiers,,,Byte
Speed Up,2C269088,0,Byte
Flight,2C269089,0,Byte
Hyper Armor,2C26908A,0,Byte
Idle Hover Animation,2C26908B,0,Byte
Damage Modifier,2C26908D,0,Byte
Defense Modifier,2C26908E,0,Byte
Landing Screen Shake Effect Intensity,2C26908F,3,Byte
Movement,,,Byte
Velocity X,2C268EE4,-16.66666603,Float
Velocity Y,2C268EE8,-5.357145309,Float
Gravity X,2C268EF0,0,Float
Gravity Y,2C268EF4,-0.803571403,Float
Position,,,Byte
Arena Position X,2C268EBC,-1386.666626,Float
Arena Position Y,2C268EC0,0,Float
Screen Position X,2C268F68,-204.1344452,Float
Screen Position Y,2C268F6C,355.7802429,Float
Pointers,,,Byte
Sprite Pointer,2C268FDC,208145684,4 Byte
DatGFX1 Pointer?,2C268FE4,207028288,4 Byte
DatGFX2 Pointer?,2C268FE8,207993024,4 Byte
DatPal Pointer?,2C268FEC,208058880,4 Byte
Animations Pointer?,2C268FF0,208126240,4 Byte
Hitbox Pattern Table Pointer?,2C268FF4,208150528,4 Byte
Hitbox Table Pointer,2C268FF8,208152384,4 Byte
Attack Data Pointer?,2C268FFC,208154432,4 Byte
Projectile/Extras Pointer?,2C269000,208060704,4 Byte
DatFPNT Pointer?,2C269004,207028224,4 Byte
Prj Pointer?,2C269008,208359424,4 Byte
FAC Texture Pointer?,2C26900C,208371712,4 Byte
Receiving Attack Pointer,2C269044,0,4 Byte
Hitbox Choice Pointer,2C269048,208150576,4 Byte
Enemy Pointer,2C269094,2351335652,4 Byte
Scaling,,,Byte
Sprite Scale X,2C268ED8,1,Float
Sprite Scale Y,2C268EDC,1,Float
Sprite Scale Z,2C268EE0,1,Float
Hitbox Scaling X,2C268F74,1.666666985,Float
Hitbox Scaling Y,2C268F78,2.142857552,Float
Overall Scaling X,2C26910C,1,Float
Overall Scaling Y,2C269110,1,Float
Overall Scaling Z,2C269114,1,Float
P1_C,,,Byte
Animation,,,Byte
Receiving Damage Animation State,2C2699D5,0,Byte
Special Move Animation State,2C2699D6,0,Byte
Is Facing Right,2C269AE0,1,Byte
Animation Cycle Frame Timer,2C269B12,3,Byte
Sprite ID,2C269B14,125,2 Byte
Animation Pause Timer,2C269B70,0,Byte
Animation State,2C269BA0,0,Byte
Is Facing Right,2C269BA2,1,Byte
Combat,,,Byte
Normal Attack Held Direction,2C2699F2,0,Byte
Jumping Special Move Limiter,2C269BA4,0,Byte
Air Dash Count,2C269BA5,0,Byte
Normal Jumping Actions Counter,2C269BA6,0,Byte
Multiple Jumps Counter,2C269BA9,0,Byte
Normal Move Light/Medium/Heavy,2C269BB8,0,Byte
Current Special Move ID,2C269BB9,0,Byte
Special Attack Disable Timer,2C269BC2,0,Byte
Attack Disable Timer,2C269BC3,0,Byte
Has Been Thrown Count,2C269C0A,0,Byte
DHC Special Move ID,2C269C28,0,Byte
Assist ID,2C269E99,0,Byte
Flight Timers,,,Byte
Flight Timer (Sentinel),2C269C74,0,2 Byte
Flight Timer (Iron Man/War Machine),2C269C78,0,2 Byte
Flight Timer (Magneto),2C269C7A,0,2 Byte
Flight Timer (Dhalsim),2C269C7C,0,2 Byte
Flight Timer (Doctor Doom/M. Bison),2C269C7E,0,2 Byte
Flight Timer (Storm),2C269C84,0,2 Byte
Health,,,Byte
Dizzy Stun Counter,2C269BB1,80,Byte
Dizzy Stun Reset Timer,2C269BB2,0,Byte
Throw Immune Frame Timer,2C269BBB,0,Byte
Attack Immune Frame Timer,2C269BBD,2,Byte
Character Health,2C269DF0,144,Byte
Character Red Health,2C269DF4,144,Byte
Miscellaneous,,,Byte
Is Active,2C2699D0,0,Byte
Character ID,2C2699D1,23,Byte
Flying Screen Focus,2C269C05,0,Byte
Distance From Enemy,2C269C68,722.4538574,Float
CPU Control,2C269EF5,0,Byte
Character ID,2C269EFC,23,Byte
Palette ID,2C269EFD,4,Byte
Miscellaneous Timers,,,Byte
Camera Bounds Break Timer,2C269BC4,1,Byte
Snapout Character Disable Timer,2C269C70,0,2 Byte
Modifiers,,,Byte
Speed Up,2C269BD0,0,Byte
Flight,2C269BD1,0,Byte
Hyper Armor,2C269BD2,0,Byte
Idle Hover Animation,2C269BD3,0,Byte
Damage Modifier,2C269BD5,0,Byte
Defense Modifier,2C269BD6,0,Byte
Landing Screen Shake Effect Intensity,2C269BD7,3,Byte
Movement,,,Byte
Velocity X,2C269A2C,-16.66666603,Float
Velocity Y,2C269A30,5.08928299,Float
Gravity X,2C269A38,0,Float
Gravity Y,2C269A3C,-0.803571403,Float
Position,,,Byte
Arena Position X,2C269A04,-1386.666626,Float
Arena Position Y,2C269A08,0,Float
Screen Position X,2C269AB0,-199.1561127,Float
Screen Position Y,2C269AB4,266.5254822,Float
Pointers,,,Byte
Sprite Pointer,2C269B24,209521940,4 Byte
DatGFX1 Pointer?,2C269B2C,208404544,4 Byte
DatGFX2 Pointer?,2C269B30,209369280,4 Byte
DatPal Pointer?,2C269B34,209435136,4 Byte
Animations Pointer?,2C269B38,209502496,4 Byte
Hitbox Pattern Table Pointer?,2C269B3C,209526784,4 Byte
Hitbox Table Pointer,2C269B40,209528640,4 Byte
Attack Data Pointer?,2C269B44,209530688,4 Byte
Projectile/Extras Pointer?,2C269B48,209436960,4 Byte
DatFPNT Pointer?,2C269B4C,208404480,4 Byte
Prj Pointer?,2C269B50,209735680,4 Byte
FAC Texture Pointer?,2C269B54,209747968,4 Byte
Receiving Attack Pointer,2C269B8C,0,4 Byte
Hitbox Choice Pointer,2C269B90,209526832,4 Byte
Enemy Pointer,2C269BDC,2351335652,4 Byte
Scaling,,,Byte
Sprite Scale X,2C269A20,1,Float
Sprite Scale Y,2C269A24,1,Float
Sprite Scale Z,2C269A28,1,Float
Hitbox Scaling X,2C269ABC,1.666666985,Float
Hitbox Scaling Y,2C269AC0,2.142857552,Float
Overall Scaling X,2C269C54,1,Float
Overall Scaling Y,2C269C58,1,Float
Overall Scaling Z,2C269C5C,1,Float
P2_A,,,Byte
Animation,,,Byte
Receiving Damage Animation State,2C2688E9,0,Byte
Special Move Animation State,2C2688EA,0,Byte
Is Facing Right,2C2689F4,0,Byte
Animation Cycle Frame Timer,2C268A26,3,Byte
Sprite ID,2C268A28,87,2 Byte
Animation Pause Timer,2C268A84,0,Byte
Animation State,2C268AB4,0,Byte
Is Facing Right,2C268AB6,0,Byte
Combat,,,Byte
Normal Attack Held Direction,2C268906,0,Byte
Jumping Special Move Limiter,2C268AB8,0,Byte
Air Dash Count,2C268AB9,0,Byte
Normal Jumping Actions Counter,2C268ABA,255,Byte
Multiple Jumps Counter,2C268ABD,0,Byte
Normal Move Light/Medium/Heavy,2C268ACC,0,Byte
Current Special Move ID,2C268ACD,8,Byte
Special Attack Disable Timer,2C268AD6,0,Byte
Attack Disable Timer,2C268AD7,0,Byte
Has Been Thrown Count,2C268B1E,0,Byte
DHC Special Move ID,2C268B3C,0,Byte
Assist ID,2C268DAD,0,Byte
Flight Timers,,,Byte
Flight Timer (Sentinel),2C268B88,0,2 Byte
Flight Timer (Iron Man/War Machine),2C268B8C,0,2 Byte
Flight Timer (Magneto),2C268B8E,0,2 Byte
Flight Timer (Dhalsim),2C268B90,0,2 Byte
Flight Timer (Doctor Doom/M. Bison),2C268B92,0,2 Byte
Flight Timer (Storm),2C268B98,0,2 Byte
Health,,,Byte
Dizzy Stun Counter,2C268AC5,80,Byte
Dizzy Stun Reset Timer,2C268AC6,0,Byte
Throw Immune Frame Timer,2C268ACF,0,Byte
Attack Immune Frame Timer,2C268AD1,0,Byte
Character Health,2C268D04,144,Byte
Character Red Health,2C268D08,144,Byte
Miscellaneous,,,Byte
Is Active,2C2688E4,1,Byte
Character ID,2C2688E5,23,Byte
Flying Screen Focus,2C268B19,0,Byte
Distance From Enemy,2C268B7C,38.33334351,Float
CPU Control,2C268E09,0,Byte
Character ID,2C268E10,23,Byte
Palette ID,2C268E11,0,Byte
Miscellaneous Timers,,,Byte
Camera Bounds Break Timer,2C268AD8,0,Byte
Snapout Character Disable Timer,2C268B84,0,2 Byte
Modifiers,,,Byte
Speed Up,2C268AE4,0,Byte
Flight,2C268AE5,0,Byte
Hyper Armor,2C268AE6,0,Byte
Idle Hover Animation,2C268AE7,0,Byte
Damage Modifier,2C268AE9,0,Byte
Defense Modifier,2C268AEA,0,Byte
Landing Screen Shake Effect Intensity,2C268AEB,3,Byte
Movement,,,Byte
Velocity X,2C268940,0,Float
Velocity Y,2C268944,0,Float
Gravity X,2C26894C,0,Float
Gravity Y,2C268950,0,Float
Position,,,Byte
Arena Position X,2C268918,357.3243103,Float
Arena Position Y,2C26891C,0,Float
Screen Position X,2C2689C4,226.4362335,Float
Screen Position Y,2C2689C8,433.6344299,Float
Pointers,,,Byte
Sprite Pointer,2C268A38,210882128,4 Byte
DatGFX1 Pointer?,2C268A40,209780800,4 Byte
DatGFX2 Pointer?,2C268A44,210745536,4 Byte
DatPal Pointer?,2C268A48,210811392,4 Byte
Animations Pointer?,2C268A4C,210878752,4 Byte
Hitbox Pattern Table Pointer?,2C268A50,210903040,4 Byte
Hitbox Table Pointer,2C268A54,210904896,4 Byte
Attack Data Pointer?,2C268A58,210906944,4 Byte
Projectile/Extras Pointer?,2C268A5C,210813216,4 Byte
DatFPNT Pointer?,2C268A60,209780736,4 Byte
Prj Pointer?,2C268A64,211111936,4 Byte
FAC Texture Pointer?,2C268A68,211124224,4 Byte
Receiving Attack Pointer,2C268AA0,206779632,4 Byte
Hitbox Choice Pointer,2C268AA4,210903056,4 Byte
Enemy Pointer,2C268AF0,2351334208,4 Byte
Scaling,,,Byte
Sprite Scale X,2C268934,1,Float
Sprite Scale Y,2C268938,1,Float
Sprite Scale Z,2C26893C,1,Float
Hitbox Scaling X,2C2689D0,1.666666985,Float
Hitbox Scaling Y,2C2689D4,2.142857552,Float
Overall Scaling X,2C268B68,1,Float
Overall Scaling Y,2C268B6C,1,Float
Overall Scaling Z,2C268B70,1,Float
P2_B,,,Byte
Animation,,,Byte
Receiving Damage Animation State,2C269431,0,Byte
Special Move Animation State,2C269432,0,Byte
Is Facing Right,2C26953C,0,Byte
Animation Cycle Frame Timer,2C26956E,3,Byte
Sprite ID,2C269570,125,2 Byte
Animation Pause Timer,2C2695CC,0,Byte
Animation State,2C2695FC,0,Byte
Is Facing Right,2C2695FE,0,Byte
Combat,,,Byte
Normal Attack Held Direction,2C26944E,0,Byte
Jumping Special Move Limiter,2C269600,0,Byte
Air Dash Count,2C269601,0,Byte
Normal Jumping Actions Counter,2C269602,0,Byte
Multiple Jumps Counter,2C269605,0,Byte
Normal Move Light/Medium/Heavy,2C269614,0,Byte
Current Special Move ID,2C269615,4,Byte
Special Attack Disable Timer,2C26961E,0,Byte
Attack Disable Timer,2C26961F,0,Byte
Has Been Thrown Count,2C269666,0,Byte
DHC Special Move ID,2C269684,0,Byte
Assist ID,2C2698F5,0,Byte
Flight Timers,,,Byte
Flight Timer (Sentinel),2C2696D0,0,2 Byte
Flight Timer (Iron Man/War Machine),2C2696D4,0,2 Byte
Flight Timer (Magneto),2C2696D6,0,2 Byte
Flight Timer (Dhalsim),2C2696D8,0,2 Byte
Flight Timer (Doctor Doom/M. Bison),2C2696DA,0,2 Byte
Flight Timer (Storm),2C2696E0,0,2 Byte
Health,,,Byte
Dizzy Stun Counter,2C26960D,80,Byte
Dizzy Stun Reset Timer,2C26960E,0,Byte
Throw Immune Frame Timer,2C269617,0,Byte
Attack Immune Frame Timer,2C269619,2,Byte
Character Health,2C26984C,144,Byte
Character Red Health,2C269850,144,Byte
Miscellaneous,,,Byte
Is Active,2C26942C,0,Byte
Character ID,2C26942D,23,Byte
Flying Screen Focus,2C269661,0,Byte
Distance From Enemy,2C2696C4,729.7969971,Float
CPU Control,2C269951,0,Byte
Character ID,2C269958,23,Byte
Palette ID,2C269959,3,Byte
Miscellaneous Timers,,,Byte
Camera Bounds Break Timer,2C269620,1,Byte
Snapout Character Disable Timer,2C2696CC,0,2 Byte
Modifiers,,,Byte
Speed Up,2C26962C,0,Byte
Flight,2C26962D,0,Byte
Hyper Armor,2C26962E,0,Byte
Idle Hover Animation,2C26962F,0,Byte
Damage Modifier,2C269631,0,Byte
Defense Modifier,2C269632,0,Byte
Landing Screen Shake Effect Intensity,2C269633,3,Byte
Movement,,,Byte
Velocity X,2C269488,16.66666603,Float
Velocity Y,2C26948C,5.08928299,Float
Gravity X,2C269494,0,Float
Gravity Y,2C269498,-0.803571403,Float
Position,,,Byte
Arena Position X,2C269460,1386.666626,Float
Arena Position Y,2C269464,0,Float
Screen Position X,2C26950C,822.90448,Float
Screen Position Y,2C269510,273.0605469,Float
Pointers,,,Byte
Sprite Pointer,2C269580,212274452,4 Byte
DatGFX1 Pointer?,2C269588,211157056,4 Byte
DatGFX2 Pointer?,2C26958C,212121792,4 Byte
DatPal Pointer?,2C269590,212187648,4 Byte
Animations Pointer?,2C269594,212255008,4 Byte
Hitbox Pattern Table Pointer?,2C269598,212279296,4 Byte
Hitbox Table Pointer,2C26959C,212281152,4 Byte
Attack Data Pointer?,2C2695A0,212283200,4 Byte
Projectile/Extras Pointer?,2C2695A4,212189472,4 Byte
DatFPNT Pointer?,2C2695A8,211156992,4 Byte
Prj Pointer?,2C2695AC,212488192,4 Byte
FAC Texture Pointer?,2C2695B0,212500480,4 Byte
Receiving Attack Pointer,2C2695E8,0,4 Byte
Hitbox Choice Pointer,2C2695EC,212279344,4 Byte
Enemy Pointer,2C269638,2351334208,4 Byte
Scaling,,,Byte
Sprite Scale X,2C26947C,1,Float
Sprite Scale Y,2C269480,1,Float
Sprite Scale Z,2C269484,1,Float
Hitbox Scaling X,2C269518,1.666666985,Float
Hitbox Scaling Y,2C26951C,2.142857552,Float
Overall Scaling X,2C2696B0,1,Float
Overall Scaling Y,2C2696B4,1,Float
Overall Scaling Z,2C2696B8,1,Float
P2_C,,,Byte
Animation,,,Byte
Receiving Damage Animation State,2C269F79,0,Byte
Special Move Animation State,2C269F7A,0,Byte
Is Facing Right,2C26A084,0,Byte
Animation Cycle Frame Timer,2C26A0B6,3,Byte
Sprite ID,2C26A0B8,125,2 Byte
Animation Pause Timer,2C26A114,0,Byte
Animation State,2C26A144,0,Byte
Is Facing Right,2C26A146,0,Byte
Combat,,,Byte
Normal Attack Held Direction,2C269F96,0,Byte
Jumping Special Move Limiter,2C26A148,0,Byte
Air Dash Count,2C26A149,0,Byte
Normal Jumping Actions Counter,2C26A14A,0,Byte
Multiple Jumps Counter,2C26A14D,0,Byte
Normal Move Light/Medium/Heavy,2C26A15C,0,Byte
Current Special Move ID,2C26A15D,4,Byte
Special Attack Disable Timer,2C26A166,0,Byte
Attack Disable Timer,2C26A167,0,Byte
Has Been Thrown Count,2C26A1AE,0,Byte
DHC Special Move ID,2C26A1CC,0,Byte
Assist ID,2C26A43D,0,Byte
Flight Timers,,,Byte
Flight Timer (Sentinel),2C26A218,0,2 Byte
Flight Timer (Iron Man/War Machine),2C26A21C,0,2 Byte
Flight Timer (Magneto),2C26A21E,0,2 Byte
Flight Timer (Dhalsim),2C26A220,0,2 Byte
Flight Timer (Doctor Doom/M. Bison),2C26A222,0,2 Byte
Flight Timer (Storm),2C26A228,0,2 Byte
Health,,,Byte
Dizzy Stun Counter,2C26A155,80,Byte
Dizzy Stun Reset Timer,2C26A156,0,Byte
Throw Immune Frame Timer,2C26A15F,0,Byte
Attack Immune Frame Timer,2C26A161,2,Byte
Character Health,2C26A394,144,Byte
Character Red Health,2C26A398,144,Byte
Miscellaneous,,,Byte
Is Active,2C269F74,0,Byte
Character ID,2C269F75,23,Byte
Flying Screen Focus,2C26A1A9,0,Byte
Distance From Enemy,2C26A20C,650.0093994,Float
CPU Control,2C26A499,0,Byte
Character ID,2C26A4A0,23,Byte
Palette ID,2C26A4A1,5,Byte
Miscellaneous Timers,,,Byte
Camera Bounds Break Timer,2C26A168,1,Byte
Snapout Character Disable Timer,2C26A214,0,2 Byte
Modifiers,,,Byte
Speed Up,2C26A174,0,Byte
Flight,2C26A175,0,Byte
Hyper Armor,2C26A176,0,Byte
Idle Hover Animation,2C26A177,0,Byte
Damage Modifier,2C26A179,0,Byte
Defense Modifier,2C26A17A,0,Byte
Landing Screen Shake Effect Intensity,2C26A17B,3,Byte
Movement,,,Byte
Velocity X,2C269FD0,16.66666603,Float
Velocity Y,2C269FD4,5.08928299,Float
Gravity X,2C269FDC,0,Float
Gravity Y,2C269FE0,-0.803571403,Float
Position,,,Byte
Arena Position X,2C269FA8,1386.666626,Float
Arena Position Y,2C269FAC,0,Float
Screen Position X,2C26A054,822.9129639,Float
Screen Position Y,2C26A058,273.0605469,Float
Pointers,,,Byte
Sprite Pointer,2C26A0C8,213650708,4 Byte
DatGFX1 Pointer?,2C26A0D0,212533312,4 Byte
DatGFX2 Pointer?,2C26A0D4,213498048,4 Byte
DatPal Pointer?,2C26A0D8,213563904,4 Byte
Animations Pointer?,2C26A0DC,213631264,4 Byte
Hitbox Pattern Table Pointer?,2C26A0E0,213655552,4 Byte
Hitbox Table Pointer,2C26A0E4,213657408,4 Byte
Attack Data Pointer?,2C26A0E8,213659456,4 Byte
Projectile/Extras Pointer?,2C26A0EC,213565728,4 Byte
DatFPNT Pointer?,2C26A0F0,212533248,4 Byte
Prj Pointer?,2C26A0F4,213864448,4 Byte
FAC Texture Pointer?,2C26A0F8,213876736,4 Byte
Receiving Attack Pointer,2C26A130,0,4 Byte
Hitbox Choice Pointer,2C26A134,213655600,4 Byte
Enemy Pointer,2C26A180,2351334208,4 Byte
Scaling,,,Byte
Sprite Scale X,2C269FC4,1,Float
Sprite Scale Y,2C269FC8,1,Float
Sprite Scale Z,2C269FCC,1,Float
Hitbox Scaling X,2C26A060,1.666666985,Float
Hitbox Scaling Y,2C26A064,2.142857552,Float
Overall Scaling X,2C26A1F8,1,Float
Overall Scaling Y,2C26A1FC,1,Float
Overall Scaling Z,2C26A200,1,Float
Scripts,,,Byte
Table_Output_DC,,,Pointer
Write_CSV_ALL_7,,,Pointer
TVI_MVC2_TEX_EDIT,,,Byte
BG_Texture,2CEA0288,FF,Byte
3D,,,Byte
HUD,,,Byte
AA Scan,,,Pointer
Convert Addresses to Symbols,,,Pointer
Main HUD Groups,,,Byte
01_Assists_OK,,,Byte
01_Addresses,,,Byte
Assists OK 01,2C160488,-169,Float
Assists OK 02,2C160494,-169,Float
Assists OK 03,2C1604A0,-169,Float
Assists OK 04,2C1604AC,-169,Float
Assists OK 05,2C1604B8,-169,Float
Assists OK 06,2C1604C4,-169,Float
02 Combo Meter & Comment,,,Byte
Meter_Text,2C26A90C,216530944,4 Byte
02_Addresses,,,Byte
P1_Message_XB,_P1_Message_XB,??,Float
P1 Combo Meter & Message-Y_(5),_P1_Message_XB+4,??,Float
P1 Combo Meter & Message-Z_(-40),_P1_Message_XB+8,??,Float
P2 Combo Meter & Message-X (40),_P1_Message_XB+1D0,??,Float
P2 Combo Meter & Message-Y_(5),_P1_Message_XB+1D4,??,Float
P2 Combo Meter & Message-Z_(-40),_P1_Message_XB+1D8,??,Float
03 Lifebars Meter Timer,,,Byte
03_Addresses,,,Byte
01 Lifebars,,,Byte
P1_A_Lifebar,,,Byte
P1_A_Lifebar_X,_P1_A_Lifebar_X,??,Float
P1_A_Lifebar_Y,_P1_A_Lifebar_X+4,??,Float
P1_A_Lifebar_Z,_P1_A_Lifebar_X+8,??,Float
P1_A_Lifebars,_P1_A_Lifebar_X-1C,??,4 Byte
P1_A_Lifebars,_P1_A_Lifebar_X+1B4,??,4 Byte
P1_A_Lifebars,_P1_A_Lifebar_X+3D84,??,4 Byte
P1_A_Lifebars,_P1_A_Lifebar_X+724,??,4 Byte
P1_A_Name,,,Byte
P1_A_Name_X,_P1_A_Name_X,??,Float
P1_A_Name_Y,_P1_A_Name_X+4,??,Float
P1_A_Name_Z,_P1_A_Name_X+8,??,Float
P1_B_Lifebar,,,Byte
P1_B_Lifebar_X,_P1_B_Lifebar_X,??,Float
P1_B_Lifebar_Y,_P1_B_Lifebar_X+4,??,Float
P1_B_Lifebar_Z,_P1_B_Lifebar_X+8,??,Float
P1_B_Lifebars,_P1_B_Lifebar_X-1C,??,4 Byte
P1_B_Lifebars,_P1_B_Lifebar_X+1B4,??,4 Byte
P1_B_Lifebars,_P1_B_Lifebar_X+2F04,??,4 Byte
P1_B_Lifebars,_P1_B_Lifebar_X+724,??,4 Byte
P1_B_Name,,,Byte
P1_B_Name_X,_P1_B_Name_X,??,Float
P1_B_Name_Y,_P1_B_Name_X+4,??,Float
P1_B_Name_Z,_P1_B_Name_X+8,??,Float
P1_C_Lifebar,,,Byte
P1_C_Lifebar_X,_P1_C_Lifebar_X,??,Float
P1_C_Lifebar_Y,_P1_C_Lifebar_X+4,??,Float
P1_C_Lifebar_Z,_P1_C_Lifebar_X+8,??,Float
P1_C_Lifebars,_P1_C_Lifebar_X-1C,??,4 Byte
P1_C_Lifebars,_P1_C_Lifebar_X+1B4,??,4 Byte
P1_C_Lifebars,_P1_C_Lifebar_X+724,??,4 Byte
P1_C_Lifebars,_P1_C_Lifebar_X+2084,??,4 Byte
P1_C_Name,,,Byte
P1_C_Name_X,_P1_C_Name_X,??,Float
P1_C_Name_Y,_P1_C_Name_X+4,??,Float
P1_C_Name_Z,_P1_C_Name_X+8,??,Float
P2_A_Lifebar,,,Byte
P2_A_Lifebar_X,_P2_A_Lifebar_X,??,Float
P2_A_Lifebar_Y,_P2_A_Lifebar_X+4,??,Float
P2_A_Lifebar_Z,_P2_A_Lifebar_X+8,??,Float
P2_A_Lifebars,_P2_A_Lifebar_X+1B4,??,4 Byte
P2_A_Lifebars,_P2_A_Lifebar_X-1C,??,4 Byte
P2_A_Lifebars,_P2_A_Lifebar_X+3644,??,4 Byte
P2_A_Lifebars,_P2_A_Lifebar_X+724,??,4 Byte
P2_A_Name,,,Byte
P2_A_Name_X,_P2_A_Name_X,??,Float
P2_A_Name_Y,_P2_A_Name_X+4,??,Float
P2_A_Name_Z,_P2_A_Name_X+8,??,Float
P2_B_Lifebar,,,Byte
P2_B_Lifebar_X,_P2_B_Lifebar_X,??,Float
P2_B_Lifebar_Y,_P2_B_Lifebar_X+4,??,Float
P2_B_Lifebar_Z,_P2_B_Lifebar_X+8,??,Float
P2_B_Lifebars,_P2_B_Lifebar_X-1C,??,4 Byte
P2_B_Lifebars,_P2_B_Lifebar_X+1B4,??,4 Byte
P2_B_Lifebars,_P2_B_Lifebar_X+724,??,4 Byte
P2_B_Lifebars,_P2_B_Lifebar_X+27C4,??,4 Byte
P2_B_Name,,,Byte
P2_B_Name_X,_P2_B_Name_X,??,Float
P2_B_Name_Y,_P2_B_Name_X+4,??,Float
P2_B_Name_Z,_P2_B_Name_X+8,??,Float
P2_C_Lifebar,,,Byte
P2_C_Lifebar_X,_P2_C_Lifebar_X,??,Float
P2_C_Lifebar_Y,_P2_C_Lifebar_X+4,??,Float
P2_C_Lifebar_Z,_P2_C_Lifebar_X+8,??,Float
P2_C_Lifebars,_P2_C_Lifebar_X-1C,??,4 Byte
P2_C_Lifebars,_P2_C_Lifebar_X+1B4,??,4 Byte
P2_C_Lifebars,_P2_C_Lifebar_X+724,??,4 Byte
P2_C_Lifebars,_P2_C_Lifebar_X+1944,??,4 Byte
P2_C_Name,,,Byte
P2_C_Name_X,_P2_C_Name_X,??,Float
P2_C_Name_Y,_P2_C_Name_X+4,??,Float
P2_C_Name_Z,_P2_C_Name_X+8,??,Float
02 Meter Gauge,,,Byte
P1_BarLine_X,_P1_BarLine_X,??,Float
P1_BarLine_Y,_P1_BarLine_X+4,??,Float
P1_BarLine_Z,_P1_BarLine_X+8,??,Float
P2_BarLine_X,_P1_BarLine_X+3A0,??,Float
P2_BarLine_Y,_P1_BarLine_X+3A4,??,Float
P2_BarLine_Z,_P1_BarLine_X+3A8,??,Float
P1_BarValue_X,_P1_BarLine_X+1790,??,Float
P1_BarValue_Y,_P1_BarLine_X+1794,??,Float
P1_BarValue_Z,_P1_BarLine_X+1798,??,Float
P2_BarValue_X,_P1_BarLine_X+1960,??,Float
P2_BarValue_Y,_P1_BarLine_X+1964,??,Float
P2_BarValue_Z,_P1_BarLine_X+1968,??,Float
P1_Meter_Small_X,_P1_BarLine_X-1D0,??,Float
P1_Meter_Small_Y,_P1_BarLine_X-1CC,??,Float
P1_Meter_Small_Z,_P1_BarLine_X-1C8,??,Float
P2_Meter_Small_X,_P1_BarLine_X+1D0,??,Float
P2_Meter_Small_Y,_P1_BarLine_X+1D4,??,Float
P2_Meter_Small_Z,_P1_BarLine_X+1D8,??,Float
P1_Meter_Extra,_P1_BarLine_X+1880C,??,Float
03 Timer,,,Byte
Timer_X,_Timer_X,??,Float
Timer_Y,_Timer_X+4,??,Float
Timer_Z,_Timer_X+8,??,Float
Timer_X_1,_Timer_X+1D0,??,Float
Timer_Y_1,_Timer_X+1D4,??,Float
Timer_Z_1,_Timer_X+1D8,??,Float
04 Timer & Meter Models,,,Byte
04_Addresses,,,Byte
01 Timer Model,,,Byte
TimerZ_A_dup,2CE8E788,-190,Float
Timer-Z_B,2CE8E7A8,-190,Float
Timer-Z_C,2CE8E7C8,-190,Float
Timer-Z_D,2CE8E7E8,-190,Float
02 Meter Models,,,Byte
Meter Values,,,Byte
Meter&Timer Models & Levels,2CE8E538,53.70479202,Float
P1_Meter_Level,2CE8E590,-68.52393341,Float
P2_Meter_Level,2CE8E668,-68.52393341,Float
Meter_Value_Highlight,2CE8E3E0,-71,Float
Meter_Value_Highlight,2CE8E428,-71,Float
Meter_Value_Highlight,2CE8E448,-71,Float
Meter_Value_Highlight,2CE8E468,-71,Float
Meter_Value_Highlight,2CE8E488,-71,Float
Meter_Value_Highlight,2CE8E4B8,-71,Float
Meter Models,,,Byte
Meter_Model,2CE8E818,-71,Float
Meter_Model,2CE8E860,-71,Float
Meter_Model,2CE8E880,-71,Float
Meter_Model,2CE8E8A0,-71,Float
Meter_Model,2CE8E8C0,-71,Float
Meter_Model,2CE8E8E0,-71,Float
Meter_Model,2CE8E910,-71,Float
Meter_Model,2CE8E938,-71,Float
Meter_Model,2CE8E958,-71,Float
Meter_Model,2CE8E988,-71,Float
Meter_Model,2CE8E9B0,-71,Float
Meter_Model,2CE8E9D0,-71,Float
Meter_Model,2CE8EA00,-71,Float
Meter_Model,2CE8EA28,-71,Float
Meter_Model,2CE8EA48,-71,Float
Meter_Model,2CE8EA78,-71,Float
Meter_Model,2CE8EAA0,-71,Float
Meter_Model,2CE8EAC0,-71,Float
Meter_Model,2CE8EAF0,-71,Float
Meter_Model,2CE8EB18,-71,Float
Meter_Model,2CE8EB38,-71,Float
Meter_Model,2CE8EB68,-71,Float
Meter_Model,2CE8EB90,-71,Float
Meter_Model,2CE8EBB0,-71,Float
Meter_Model,2CE8EBE0,-71,Float
Meter_Model,2CE8EC08,-71,Float
Meter_Model,2CE8EC30,-71,Float
Meter_Model,2CE8EC50,-71,Float
Meter_Model,2CE8EC70,-71,Float
Meter_Model,2CE8EC90,-71,Float
Meter_Model,2CE8ECB0,-71,Float
Meter_Model,2CE8ECD0,-71,Float
Meter_Model,2CE8ECF0,-71,Float
Meter_Model,2CE8ED10,-71,Float
Meter_Model,2CE8ED30,-71,Float
Meter_Model,2CE8ED70,-71,Float
Meter_Model,2CE8EDB8,-71,Float
Meter_Model,2CE8EDD8,-71,Float
Meter_Model,2CE8EDF8,-71,Float
Meter_Model,2CE8EE18,-71,Float
Meter_Model,2CE8EE38,-71,Float
Meter_Model,2CE8EE60,-71,Float
Meter_Model,2CE8EE80,-71,Float
Meter_Model,2CE8EEA8,-71,Float
Meter_Model,2CE8EEC8,-71,Float
Meter_Model,2CE8EEF8,-71,Float
Meter_Model,2CE8EF20,-71,Float
Meter_Model,2CE8EF40,-71,Float
Meter_Model,2CE8EF70,-71,Float
Meter_Model,2CE8EF98,-71,Float
Meter_Model,2CE8EFB8,-71,Float
Meter_Model,2CE8EFE8,-71,Float
Meter_Model,2CE8F010,-71,Float
Meter_Model,2CE8F030,-71,Float
Meter_Model,2CE8F060,-71,Float
Meter_Model,2CE8F088,-71,Float
Meter_Model,2CE8F0A8,-71,Float
Meter_Model,2CE8F0D8,-71,Float
Meter_Model,2CE8F100,-71,Float
Meter_Model,2CE8F120,-71,Float
Meter_Model,2CE8F1F0,-71,Float
Meter_Model,2CE8F238,-71,Float
Meter_Model,2CE8F270,-71,Float
Meter_Model,2CE8F2B0,-71,Float
Meter_Model,2CE8F2D8,-71,Float
05 Indicators,,,Byte
05_Addresses,,,Byte
Cursor_P1A_T1,_Cursor_P1A_T1,??,Float
Cursor_P1A_T2,_Cursor_P1A_T1+4,??,Float
Cursor_P1A_T3,_Cursor_P1A_T1+8,??,Float
Cursor_P1B_T1,_Cursor_P1A_T1+740,??,Float
Cursor_P1B_T2,_Cursor_P1A_T1+744,??,Float
Cursor_P1B_T3,_Cursor_P1A_T1+748,??,Float
Cursor_P1C_T1,_Cursor_P1A_T1+AE0,??,Float
Cursor_P1C_T2,_Cursor_P1A_T1+AE4,??,Float
Cursor_P1C_T3,_Cursor_P1A_T1+AE8,??,Float
Cursor_P2_2,_Cursor_P1A_T1+E84,??,Float
Cursor_P2_3,_Cursor_P1A_T1+E88,??,Float
Cursor_P2_4,_Cursor_P1A_T1+AE0,??,Float
Cursor_P2_5,_Cursor_P1A_T1+AE4,??,Float
Cursor_P2_6,_Cursor_P1A_T1+AE8,??,Float
Cursor_P2_7,_Cursor_P1A_T1+570,??,Float
Cursor_P2_8,_Cursor_P1A_T1+574,??,Float
Cursor_P2_9,_Cursor_P1A_T1+578,??,Float
Cursor_P2_10,_Cursor_P1A_T1+3A0,??,Float
Cursor_P2_11,_Cursor_P1A_T1+3A4,??,Float
Cursor_P2_12,_Cursor_P1A_T1+3A8,??,Float
Cursor_P2_13,2C26C7A4,-19,Float
Cursor_P2_14,2C26C7A8,-0.0775000006,Float
Cursor_P2_15,2C26C7AC,0,Float
Cursor_P2_16,2C26CB44,0,Float
Cursor_P2_16,2C26CB48,0,Float
Cursor_P2_16,2C26CB4C,0,Float
Cursor_P2_16,2C26CB90,1,Float
Cursor_P2_16,2C26CB7C,1,Float
Cursor_P2_16,2C26CBA4,1,Float
Cursor_P2_16,2C26CBB8,1,Float
06_Shadow_Object_Controller-0,,,Byte
Effects,2C26A908,0CED0000,4 Byte
Meter_Text,2C26A90C,0CE80000,4 Byte
AllShadows_SuperScreen,2C26AA60,8C26AC24,4 Byte
MainHUD,2C287A88,8C271374,4 Byte
NEW_HERO,2C13A2D8,NEW HERO,String
06_Shadow_Finder_Script,,,Pointer
07_Timer_Script,,,Pointer
07_P2_Timer_Script,,,Pointer
07 Ability Timers,,,Byte
P1 Timers,,,Byte
P1_Temp_1,,,Byte
P1_Inner_1,,,Byte
AA Scan,,,Pointer
Convert Addresses to Symbols,,,Pointer
P1_Timer_Inner_X_1,_P1_Timer_Inner_X_1,??,Float
P1_Timer_Inner_Y,_P1_Timer_Inner_X_1+4,??,Float
P1_Timer_Inner_Z,_P1_Timer_Inner_X_1+8,??,Float
P1_Outer_1,,,Byte
AA Scan,,,Pointer
Convert Addresses to Symbols,,,Pointer
P1_Timer_Outer_X_1,_P1_Timer_Outer_X_1,??,Float
P1_Timer_Outer_Y,_P1_Timer_Outer_X_1+4,??,Float
P1_Timer_Outer_Z,_P1_Timer_Outer_X_1+8,??,Float
P2 Timers,,,Byte
P2_Temp_1,,,Byte
P2_Inner_1,,,Byte
AA Scan,,,Pointer
Convert Addresses to Symbols,,,Pointer
P2_Timer_Inner_X_1,_P2_Timer_Inner_X_1,??,Float
P2_Timer_Inner_Y,_P2_Timer_Inner_X_1+4,??,Float
P2_Timer_Inner_Z,_P2_Timer_Inner_X_1+8,??,Float
P2_Outer_1,,,Byte
AA Scan,,,Pointer
Convert Addresses to Symbols,,,Pointer
P2_Timer_Outer_X_1,_P2_Timer_Outer_X_1,??,Float
P2_Timer_Outer_Y,_P2_Timer_Outer_X_1+4,??,Float
P2_Timer_Outer_Z,_P2_Timer_Outer_X_1+8,??,Float
Specific_Character_Values,,,Byte
Anakaris,,,Byte
Anakaris_Special_Stun_Timer,,,Byte
P1_A_Anakaris_SStun_Timer,0A7B7BDD,0,Byte
P1_B_Anakaris_SStun_Timer,0A7B874D,0,Byte
P1_C_Anakaris_SStun_Timer,0A7B92BD,0,Byte
P2_A_Anakaris_SStun_Timer,0A7B8195,0,Byte
P2_B_Anakaris_SStun_Timer,0A7B8D05,0,Byte
P2_C_Anakaris_SStun_Timer,0A7B9875,0,Byte
Bison,,,Byte
Bison_214kk_Timer,,,Byte
P1_A_Bison_214kk_Timer,2C2685EE,0,2 Byte
P1_B_Bison_214kk_Timer,2C269136,0,2 Byte
P1_C_Bison_214kk_Timer,2C269C7E,0,2 Byte
P2_A_Bison_214kk_Timer,2C268B92,0,2 Byte
P2_B_Bison_214kk_Timer,2C2696DA,0,2 Byte
P2_C_Bison_214kk_Timer,2C26A222,0,2 Byte
Cable,,,Byte
Cable_236p_Timer,,,Byte
P1_A_Cable_236p_Timer,0540D0CE,0,2 Byte
P1_B_Cable_236p_Timer,0540DC3E,0,2 Byte
P1_C_Cable_236p_Timer,0540E7AE,0,2 Byte
P2_A_Cable_236p_Timer,0540D686,0,2 Byte
P2_B_Cable_236p_Timer,0540E1F6,0,2 Byte
P2_C_Cable_236p_Timer,0540ED66,0,2 Byte
Dhalsim,,,Byte
Dhalsim_214kk_Timer,,,Byte
P1_A_Dhalsim_214kk_Timer,2C2685EC,0,2 Byte
P1_B_Dhalsim_214kk_Timer,2C269134,0,2 Byte
P1_C_Dhalsim_214kk_Timer,2C269C7C,0,2 Byte
P2_A_Dhalsim_214kk_Timer,2C268B90,0,2 Byte
P2_B_Dhalsim_214kk_Timer,2C2696D8,0,2 Byte
P2_C_Dhalsim_214kk_Timer,2C26A220,0,2 Byte
Doom,,,Byte
Doom_214kk_Timer,,,Byte
P1_A_Doom_214kk_Timer,2C2685EE,0,2 Byte
P1_B_Doom_214kk_Timer,2C269136,0,2 Byte
P1_C_Doom_214kk_Timer,2C269C7E,0,2 Byte
P2_A_Doom_214kk_Timer,2C268B92,0,2 Byte
P2_B_Doom_214kk_Timer,2C2696DA,0,2 Byte
P2_C_Doom_214kk_Timer,2C26A222,0,2 Byte
Iron_Man,,,Byte
Iron_Man_214kk_Timer,,,Byte
P1_A_Iron_Man_214kk_Timer,2C2685E8,0,2 Byte
P1_B_Iron_Man_214kk_Timer,2C269130,0,2 Byte
P1_C_Iron_Man_214kk_Timer,2C269C78,0,2 Byte
P2_A_Iron_Man_214kk_Timer,2C268B8C,0,2 Byte
P2_B_Iron_Man_214kk_Timer,2C2696D4,0,2 Byte
P2_C_Iron_Man_214kk_Timer,2C26A21C,0,2 Byte
Magneto,,,Byte
Magneto_214kk_Timer,,,Byte
P1_A_Magneto_214kk_Timer,2C2685EA,0,2 Byte
P1_B_Magneto_214kk_Timer,2C269132,0,2 Byte
P1_C_Magneto_214kk_Timer,2C269C7A,0,2 Byte
P2_A_Magneto_214kk_Timer,2C268B8E,0,2 Byte
P2_B_Magneto_214kk_Timer,2C2696D6,0,2 Byte
P2_C_Magneto_214kk_Timer,2C26A21E,0,2 Byte
Megaman,,,Byte
Megaman_214kk_Timer,,,Byte
P1_A_Megaman_214kk_Timer,0540D386,0,2 Byte
P1_B_Megaman_214kk_Timer,0540DEF6,0,2 Byte
P1_C_Megaman_214kk_Timer,0540EA66,0,2 Byte
P2_A_Megaman_214kk_Timer,0540D93E,0,2 Byte
P2_B_Megaman_214kk_Timer,0540E4AE,0,2 Byte
P2_C_Megaman_214kk_Timer,0540F01E,0,2 Byte
Sentinel,,,Byte
Sentinel_214kk_Timer,,,Byte
P1_A_Sentinel_214kk_Timer,2C2685E4,0,2 Byte
P1_B_Sentinel_214kk_Timer,2C26912C,0,2 Byte
P1_C_Sentinel_214kk_Timer,2C269C74,0,2 Byte
P2_A_Sentinel_214kk_Timer,2C268B88,0,2 Byte
P2_B_Sentinel_214kk_Timer,2C2696D0,0,2 Byte
P2_C_Sentinel_214kk_Timer,2C26A218,0,2 Byte
Storm,,,Byte
Storm_214kk_Timer,,,Byte
P1_A_Storm_214kk_Timer,2C2685F4,0,2 Byte
P1_B_Storm_214kk_Timer,2C26913C,0,2 Byte
P1_C_Storm_214kk_Timer,2C269C84,0,2 Byte
P2_A_Storm_214kk_Timer,2C268B98,0,2 Byte
P2_B_Storm_214kk_Timer,2C2696E0,0,2 Byte
P2_C_Storm_214kk_Timer,2C26A228,0,2 Byte
War_Machine,,,Byte
War_Machine_214kk_Timer,,,Byte
P1_A_War_Machine_214kk_Timer,2C2685E8,0,2 Byte
P1_B_War_Machine_214kk_Timer,2C269130,0,2 Byte
P1_C_War_Machine_214kk_Timer,2C269C78,0,2 Byte
P2_A_War_Machine_214kk_Timer,2C268B8C,0,2 Byte
P2_B_War_Machine_214kk_Timer,2C2696D4,0,2 Byte
P2_C_War_Machine_214kk_Timer,2C26A21C,0,2 Byte
Main,,,Byte
A_2D_Game_Timer,2C289630,99,Byte
Duplicates,,,Byte
Y_Clamp_Top_duplicate,2C26A5B8,1238.400024,Float
Player_Values,,,Byte
Base,,,Byte
P1_A_Base,2C268340,,Byte
P1_B_Base,2C268E88,,Byte
P1_C_Base,2C2699D0,,Byte
P2_A_Base,2C2688E4,,Byte
P2_B_Base,2C26942C,,Byte
P2_C_Base,2C269F74,,Byte
Position,,,Byte
X_Gravity,,,Byte
P1_A_X_Gravity,2C2683A8,0,Float
P1_B_X_Gravity,2C268EF0,0,Float
P1_C_X_Gravity,2C269A38,0,Float
P2_A_X_Gravity,2C26894C,0,Float
P2_B_X_Gravity,2C269494,0,Float
P2_C_X_Gravity,2C269FDC,0,Float
Y_Gravity,,,Byte
P1_A_Y_Gravity,2C2683AC,0,Float
P1_B_Y_Gravity,2C268EF4,-0.803571403,Float
P1_C_Y_Gravity,2C269A3C,-0.803571403,Float
P2_A_Y_Gravity,2C268950,0,Float
P2_B_Y_Gravity,2C269498,-0.803571403,Float
P2_C_Y_Gravity,2C269FE0,-0.803571403,Float
X_Position_From_Enemy,,,Byte
P1_A_X_Position_From_Enemy,2C2685D8,38.33334351,Float
P1_B_X_Position_From_Enemy,2C269120,687.9147949,Float
P1_C_X_Position_From_Enemy,2C269C68,722.4538574,Float
P2_A_X_Position_From_Enemy,2C268B7C,38.33334351,Float
P2_B_X_Position_From_Enemy,2C2696C4,729.7969971,Float
P2_C_X_Position_From_Enemy,2C26A20C,650.0093994,Float
Y_Position_From_Enemy,,,Byte
P1_A_Y_Position_From_Enemy,2C2687CC,0,Float
P1_B_Y_Position_From_Enemy,2C269314,109.1553802,Float
P1_C_Y_Position_From_Enemy,2C269E5C,-166.8749695,Float
P2_A_Y_Position_From_Enemy,2C268D70,0,Float
P2_B_Y_Position_From_Enemy,2C2698B8,-166.8749695,Float
P2_C_Y_Position_From_Enemy,2C26A400,-166.8749695,Float
X_Position_Arena,,,Byte
P1_A_X_Position_Arena,2C268374,250.6576233,Float
P1_B_X_Position_Arena,2C268EBC,-1386.666626,Float
P1_C_X_Position_Arena,2C269A04,-1386.666626,Float
P2_A_X_Position_Arena,2C268918,357.3243103,Float
P2_B_X_Position_Arena,2C269460,1386.666626,Float
P2_C_X_Position_Arena,2C269FA8,1386.666626,Float
Y_Position_Arena,,,Byte
P1_A_Y_Position_Arena,2C268378,0,Float
P1_B_Y_Position_Arena,2C268EC0,0,Float
P1_C_Y_Position_Arena,2C269A08,0,Float
P2_A_Y_Position_Arena,2C26891C,0,Float
P2_B_Y_Position_Arena,2C269464,0,Float
P2_C_Y_Position_Arena,2C269FAC,0,Float
X_Position_Screen,,,Byte
P1_A_X_Position_Screen,2C268420,119.9998932,Float
P1_B_X_Position_Screen,2C268F68,-204.1344452,Float
P1_C_X_Position_Screen,2C269AB0,-199.1561127,Float
P2_A_X_Position_Screen,2C2689C4,226.4362335,Float
P2_B_X_Position_Screen,2C26950C,822.90448,Float
P2_C_X_Position_Screen,2C26A054,822.9129639,Float
Y_Position_Screen,,,Byte
P1_A_Y_Position_Screen,2C268424,433.3999939,Float
P1_B_Y_Position_Screen,2C268F6C,355.7802429,Float
P1_C_Y_Position_Screen,2C269AB4,266.5254822,Float
P2_A_Y_Position_Screen,2C2689C8,433.6344299,Float
P2_B_Y_Position_Screen,2C269510,273.0605469,Float
P2_C_Y_Position_Screen,2C26A058,273.0605469,Float
X_Velocity,,,Byte
P1_A_X_Velocity,2C26839C,0,Float
P1_B_X_Velocity,2C268EE4,-16.66666603,Float
P1_C_X_Velocity,2C269A2C,-16.66666603,Float
P2_A_X_Velocity,2C268940,0,Float
P2_B_X_Velocity,2C269488,16.66666603,Float
P2_C_X_Velocity,2C269FD0,16.66666603,Float
Y_Velocity,,,Byte
P1_A_Y_Velocity,2C2683A0,0,Float
P1_B_Y_Velocity,2C268EE8,-5.357145309,Float
P1_C_Y_Velocity,2C269A30,5.08928299,Float
P2_A_Y_Velocity,2C268944,0,Float
P2_B_Y_Velocity,2C26948C,5.08928299,Float
P2_C_Y_Velocity,2C269FD4,5.08928299,Float
Scaling,,,Byte
Hitbox_Scale_X,,,Byte
P1_A_Hitbox_Scale_X,2C26842C,1.666666985,Float
P1_B_Hitbox_Scale_X,2C268F74,1.666666985,Float
P1_C_Hitbox_Scale_X,2C269ABC,1.666666985,Float
P2_A_Hitbox_Scale_X,2C2689D0,1.666666985,Float
P2_B_Hitbox_Scale_X,2C269518,1.666666985,Float
P2_C_Hitbox_Scale_X,2C26A060,1.666666985,Float
Hitbox_Scale_Y,,,Byte
P1_A_Hitbox_Scale_Y,2C268430,2.142857552,Float
P1_B_Hitbox_Scale_Y,2C268F78,2.142857552,Float
P1_C_Hitbox_Scale_Y,2C269AC0,2.142857552,Float
P2_A_Hitbox_Scale_Y,2C2689D4,2.142857552,Float
P2_B_Hitbox_Scale_Y,2C26951C,2.142857552,Float
P2_C_Hitbox_Scale_Y,2C26A064,2.142857552,Float
Sprite_Scale_X,,,Byte
P1_A_Sprite_Scale_X,2C268390,1,Float
P1_B_Sprite_Scale_X,2C268ED8,1,Float
P1_C_Sprite_Scale_X,2C269A20,1,Float
P2_A_Sprite_Scale_X,2C268934,1,Float
P2_B_Sprite_Scale_X,2C26947C,1,Float
P2_C_Sprite_Scale_X,2C269FC4,1,Float
Sprite_Scale_Y,,,Byte
P1_A_Sprite_Scale_Y,2C268394,1,Float
P1_B_Sprite_Scale_Y,2C268EDC,1,Float
P1_C_Sprite_Scale_Y,2C269A24,1,Float
P2_A_Sprite_Scale_Y,2C268938,1,Float
P2_B_Sprite_Scale_Y,2C269480,1,Float
P2_C_Sprite_Scale_Y,2C269FC8,1,Float
Sprite_Scale_Z,,,Byte
P1_A_Sprite_Scale_Z,2C268398,1,Float
P1_B_Sprite_Scale_Z,2C268EE0,1,Float
P1_C_Sprite_Scale_Z,2C269A28,1,Float
P2_A_Sprite_Scale_Z,2C26893C,1,Float
P2_B_Sprite_Scale_Z,2C269484,1,Float
P2_C_Sprite_Scale_Z,2C269FCC,1,Float
Action_Flags,,,Byte
P1_A_Action_Flags,2C268346,0,Byte
P1_B_Action_Flags,2C268E8E,0,Byte
P1_C_Action_Flags,2C2699D6,0,Byte
P2_A_Action_Flags,2C2688EA,0,Byte
P2_B_Action_Flags,2C269432,0,Byte
P2_C_Action_Flags,2C269F7A,0,Byte
Air_Dash_Count,,,Byte
P1_A_Air_Dash_Count,2C268515,0,Byte
P1_B_Air_Dash_Count,2C26905D,0,Byte
P1_C_Air_Dash_Count,2C269BA5,0,Byte
P2_A_Air_Dash_Count,2C268AB9,0,Byte
P2_B_Air_Dash_Count,2C269601,0,Byte
P2_C_Air_Dash_Count,2C26A149,0,Byte
Air_Recovery_Timer,,,Byte
P1_A_Air_Recovery_Timer,2C268579,0,Byte
P1_B_Air_Recovery_Timer,2C2690C1,0,Byte
P1_C_Air_Recovery_Timer,2C269C09,0,Byte
P2_A_Air_Recovery_Timer,2C268B1D,0,Byte
P2_B_Air_Recovery_Timer,2C269665,0,Byte
P2_C_Air_Recovery_Timer,2C26A1AD,0,Byte
Airborne,,,Byte
P1_A_Airborne,2C268539,0,Byte
P1_B_Airborne,2C269081,0,Byte
P1_C_Airborne,2C269BC9,0,Byte
P2_A_Airborne,2C268ADD,0,Byte
P2_B_Airborne,2C269625,0,Byte
P2_C_Airborne,2C26A16D,0,Byte
Animation_Lock,,,Byte
P1_A_Animation_Lock,2C268344,1,Byte
P1_B_Animation_Lock,2C268E8C,1,Byte
P1_C_Animation_Lock,2C2699D4,1,Byte
P2_A_Animation_Lock,2C2688E8,1,Byte
P2_B_Animation_Lock,2C269430,1,Byte
P2_C_Animation_Lock,2C269F78,1,Byte
Animation_Timer_Main,,,Byte
P1_A_Animation_Timer_Main,2C26835C,65535,2 Byte
P1_B_Animation_Timer_Main,2C268EA4,65535,2 Byte
P1_C_Animation_Timer_Main,2C2699EC,0,2 Byte
P2_A_Animation_Timer_Main,2C268900,0,2 Byte
P2_B_Animation_Timer_Main,2C269448,65535,2 Byte
P2_C_Animation_Timer_Main,2C269F90,65535,2 Byte
Animation_Value,,,Byte
P1_A_Animation_Value,2C268484,58,2 Byte
P1_B_Animation_Value,2C268FCC,125,2 Byte
P1_C_Animation_Value,2C269B14,125,2 Byte
P2_A_Animation_Value,2C268A28,87,2 Byte
P2_B_Animation_Value,2C269570,125,2 Byte
P2_C_Animation_Value,2C26A0B8,125,2 Byte
Assist_Counter,,,Byte
P1_A_Assist_Counter,2C2684E3,0,Byte
P1_B_Assist_Counter,2C26902B,0,Byte
P1_C_Assist_Counter,2C269B73,0,Byte
P2_A_Assist_Counter,2C268A87,0,Byte
P2_B_Assist_Counter,2C2695CF,0,Byte
P2_C_Assist_Counter,2C26A117,0,Byte
Assist_Onscreen,,,Byte
P1_A_Assist_Onscreen,2C268534,0,Byte
P1_B_Assist_Onscreen,2C26907C,1,Byte
P1_C_Assist_Onscreen,2C269BC4,1,Byte
P2_A_Assist_Onscreen,2C268AD8,0,Byte
P2_B_Assist_Onscreen,2C269620,1,Byte
P2_C_Assist_Onscreen,2C26A168,1,Byte
Assist_Value,,,Byte
P1_A_Assist_Value,2C268809,0,Byte
P1_B_Assist_Value,2C269351,0,Byte
P1_C_Assist_Value,2C269E99,0,Byte
P2_A_Assist_Value,2C268DAD,0,Byte
P2_B_Assist_Value,2C2698F5,0,Byte
P2_C_Assist_Value,2C26A43D,0,Byte
Attack_Immune,,,Byte
P1_A_Attack_Immune,2C26852D,0,Byte
P1_B_Attack_Immune,2C269075,2,Byte
P1_C_Attack_Immune,2C269BBD,2,Byte
P2_A_Attack_Immune,2C268AD1,0,Byte
P2_B_Attack_Immune,2C269619,2,Byte
P2_C_Attack_Immune,2C26A161,2,Byte
Attack_Number,,,Byte
P1_A_Attack_Number,2C2684E1,52,Byte
P1_B_Attack_Number,2C269029,0,Byte
P1_C_Attack_Number,2C269B71,57,Byte
P2_A_Attack_Number,2C268A85,0,Byte
P2_B_Attack_Number,2C2695CD,56,Byte
P2_C_Attack_Number,2C26A115,56,Byte
Block_Meter,,,Byte
P1_A_Block_Meter,2C268551,0,Byte
P1_B_Block_Meter,2C269099,0,Byte
P1_C_Block_Meter,2C269BE1,0,Byte
P2_A_Block_Meter,2C268AF5,0,Byte
P2_B_Block_Meter,2C26963D,0,Byte
P2_C_Block_Meter,2C26A185,0,Byte
Block_Stun,,,Byte
P1_A_Block_Stun,2C26851E,0,Byte
P1_B_Block_Stun,2C269066,0,Byte
P1_C_Block_Stun,2C269BAE,0,Byte
P2_A_Block_Stun,2C268AC2,0,Byte
P2_B_Block_Stun,2C26960A,0,Byte
P2_C_Block_Stun,2C26A152,0,Byte
Color,,,Byte
P1_A_Color,2C268365,1,Byte
P1_B_Color,2C268EAD,2,Byte
P1_C_Color,2C2699F5,4,Byte
P2_A_Color,2C268909,0,Byte
P2_B_Color,2C269451,3,Byte
P2_C_Color,2C269F99,5,Byte
CornerJump,,,Byte
P1_A_CornerJump,2C268515,0,Byte
P1_B_CornerJump,2C26905D,0,Byte
P1_C_CornerJump,2C269BA5,0,Byte
P2_A_CornerJump,2C268AB9,0,Byte
P2_B_CornerJump,2C269601,0,Byte
P2_C_CornerJump,2C26A149,0,Byte
Corner_Touch,,,Byte
P1_A_Corner_Touch,2C26853D,0,Byte
P1_B_Corner_Touch,2C269085,0,Byte
P1_C_Corner_Touch,2C269BCD,2,Byte
P2_A_Corner_Touch,2C268AE1,0,Byte
P2_B_Corner_Touch,2C269629,1,Byte
P2_C_Corner_Touch,2C26A171,1,Byte
Damage,,,Byte
P1_A_Damage,2C26866E,4,Byte
P1_B_Damage,2C2691B6,0,Byte
P1_C_Damage,2C269CFE,0,Byte
P2_A_Damage,2C268C12,10,Byte
P2_B_Damage,2C26975A,0,Byte
P2_C_Damage,2C26A2A2,0,Byte
Damage_Modifier,,,Byte
P1_A_Damage_Modifier,2C268545,0,Byte
P1_B_Damage_Modifier,2C26908D,0,Byte
P1_C_Damage_Modifier,2C269BD5,0,Byte
P2_A_Damage_Modifier,2C268AE9,0,Byte
P2_B_Damage_Modifier,2C269631,0,Byte
P2_C_Damage_Modifier,2C26A179,0,Byte
Defense_Modifier,,,Byte
P1_A_Defense_Modifier,2C268546,0,Byte
P1_B_Defense_Modifier,2C26908E,0,Byte
P1_C_Defense_Modifier,2C269BD6,0,Byte
P2_A_Defense_Modifier,2C268AEA,0,Byte
P2_B_Defense_Modifier,2C269632,0,Byte
P2_C_Defense_Modifier,2C26A17A,0,Byte
Dizzy_Reset_Timer,,,Byte
P1_A_Dizzy_Reset_Timer,2C268522,0,Byte
P1_B_Dizzy_Reset_Timer,2C26906A,0,Byte
P1_C_Dizzy_Reset_Timer,2C269BB2,0,Byte
P2_A_Dizzy_Reset_Timer,2C268AC6,0,Byte
P2_B_Dizzy_Reset_Timer,2C26960E,0,Byte
P2_C_Dizzy_Reset_Timer,2C26A156,0,Byte
Dizzy,,,Byte
P1_A_Dizzy,2C268521,80,Byte
P1_B_Dizzy,2C269069,80,Byte
P1_C_Dizzy,2C269BB1,80,Byte
P2_A_Dizzy,2C268AC5,80,Byte
P2_B_Dizzy,2C26960D,80,Byte
P2_C_Dizzy,2C26A155,80,Byte
Facing_Right,,,Byte
P1_A_Facing_Right,2C268450,1,Byte
P1_B_Facing_Right,2C268F98,1,Byte
P1_C_Facing_Right,2C269AE0,1,Byte
P2_A_Facing_Right,2C2689F4,0,Byte
P2_B_Facing_Right,2C26953C,0,Byte
P2_C_Facing_Right,2C26A084,0,Byte
Flight_Flag,,,Byte
P1_A_Flight_Flag,2C268541,0,Byte
P1_B_Flight_Flag,2C269089,0,Byte
P1_C_Flight_Flag,2C269BD1,0,Byte
P2_A_Flight_Flag,2C268AE5,0,Byte
P2_B_Flight_Flag,2C26962D,0,Byte
P2_C_Flight_Flag,2C26A175,0,Byte
FlyingScreen,,,Byte
P1_A_FlyingScreen,2C268575,0,Byte
P1_B_FlyingScreen,2C2690BD,0,Byte
P1_C_FlyingScreen,2C269C05,0,Byte
P2_A_FlyingScreen,2C268B19,0,Byte
P2_B_FlyingScreen,2C269661,0,Byte
P2_C_FlyingScreen,2C26A1A9,0,Byte
FSI_Combo,,,Byte
P1_A_FSI_Combo,2C2685A0,0,Byte
P1_B_FSI_Combo,2C2690E8,0,Byte
P1_C_FSI_Combo,2C269C30,25,Byte
P2_A_FSI_Combo,2C268B44,0,Byte
P2_B_FSI_Combo,2C26968C,4,Byte
P2_C_FSI_Combo,2C26A1D4,3,Byte
FSI_Points,,,Byte
P1_A_FSI_Points,2C2685B3,0,Byte
P1_B_FSI_Points,2C2690FB,0,Byte
P1_C_FSI_Points,2C269C43,0,Byte
P2_A_FSI_Points,2C268B57,0,Byte
P2_B_FSI_Points,2C26969F,0,Byte
P2_C_FSI_Points,2C26A1E7,0,Byte
FSI_Projectile,,,Byte
P1_A_FSI_Projectile,2C2685B6,0,Byte
P1_B_FSI_Projectile,2C2690FE,0,Byte
P1_C_FSI_Projectile,2C269C46,0,Byte
P2_A_FSI_Projectile,2C268B5A,0,Byte
P2_B_FSI_Projectile,2C2696A2,0,Byte
P2_C_FSI_Projectile,2C26A1EA,0,Byte
Guardbreak_Flag,,,Byte
P1_A_Guardbreak_Flag,2C268550,0,Byte
P1_B_Guardbreak_Flag,2C269098,0,Byte
P1_C_Guardbreak_Flag,2C269BE0,0,Byte
P2_A_Guardbreak_Flag,2C268AF4,0,Byte
P2_B_Guardbreak_Flag,2C26963C,0,Byte
P2_C_Guardbreak_Flag,2C26A184,0,Byte
Health_Big,,,Byte
P1_A_Health_Big,2C268760,144,Byte
P1_B_Health_Big,2C2692A8,144,Byte
P1_C_Health_Big,2C269DF0,144,Byte
P2_A_Health_Big,2C268D04,144,Byte
P2_B_Health_Big,2C26984C,144,Byte
P2_C_Health_Big,2C26A394,144,Byte
Health_Small,,,Byte
P1_A_Health_Small,2C268764,144,Byte
P1_B_Health_Small,2C2692AC,144,Byte
P1_C_Health_Small,2C269DF4,144,Byte
P2_A_Health_Small,2C268D08,144,Byte
P2_B_Health_Small,2C269850,144,Byte
P2_C_Health_Small,2C26A398,144,Byte
Hitstop2,,,Byte
P1_A_Hitstop2,2C2684E0,0,Byte
P1_B_Hitstop2,2C269028,0,Byte
P1_C_Hitstop2,2C269B70,0,Byte
P2_A_Hitstop2,2C268A84,0,Byte
P2_B_Hitstop2,2C2695CC,0,Byte
P2_C_Hitstop2,2C26A114,0,Byte
Hyper_Armor,,,Byte
P1_A_Hyper_Armor,2C268542,0,Byte
P1_B_Hyper_Armor,2C26908A,0,Byte
P1_C_Hyper_Armor,2C269BD2,0,Byte
P2_A_Hyper_Armor,2C268AE6,0,Byte
P2_B_Hyper_Armor,2C26962E,0,Byte
P2_C_Hyper_Armor,2C26A176,0,Byte
ID_2,,,Byte
P1_A_ID_2,2C268341,23,Byte
P1_B_ID_2,2C268E89,23,Byte
P1_C_ID_2,2C2699D1,23,Byte
P2_A_ID_2,2C2688E5,23,Byte
P2_B_ID_2,2C26942D,23,Byte
P2_C_ID_2,2C269F75,23,Byte
Idle_Hover,,,Byte
P1_A_Idle_Hover,2C268543,0,Byte
P1_B_Idle_Hover,2C26908B,0,Byte
P1_C_Idle_Hover,2C269BD3,0,Byte
P2_A_Idle_Hover,2C268AE7,0,Byte
P2_B_Idle_Hover,2C26962F,0,Byte
P2_C_Idle_Hover,2C26A177,0,Byte
Incoming_Timer,,,Byte
P1_A_Incoming_Timer,2C268532,0,Byte
P1_B_Incoming_Timer,2C26907A,0,Byte
P1_C_Incoming_Timer,2C269BC2,0,Byte
P2_A_Incoming_Timer,2C268AD6,0,Byte
P2_B_Incoming_Timer,2C26961E,0,Byte
P2_C_Incoming_Timer,2C26A166,0,Byte
Is_Active,,,Byte
P1_A_Is_Active,2C268340,1,Byte
P1_B_Is_Active,2C268E88,0,Byte
P1_C_Is_Active,2C2699D0,0,Byte
P2_A_Is_Active,2C2688E4,1,Byte
P2_B_Is_Active,2C26942C,0,Byte
P2_C_Is_Active,2C269F74,0,Byte
Is_Point,,,Byte
P1_A_Is_Point,2C268751,0,Byte
P1_B_Is_Point,2C269299,1,Byte
P1_C_Is_Point,2C269DE1,2,Byte
P2_A_Is_Point,2C268CF5,0,Byte
P2_B_Is_Point,2C26983D,1,Byte
P2_C_Is_Point,2C26A385,2,Byte
Is_ProxBlock,,,Byte
P1_A_Is_Prox_Block,2C268499,0,Byte
P1_B_Is_Prox_Block,2C268FE1,24,Byte
P1_C_Is_Prox_Block,2C269B29,24,Byte
P2_A_Is_Prox_Block,2C268A3D,0,Byte
P2_B_Is_Prox_Block,2C269585,24,Byte
P2_C_Is_Prox_Block,2C26A0CD,24,Byte
Jumping_Special_Counter,,,Byte
P1_A_Jumping_Special_Counter,2C268514,0,Byte
P1_B_Jumping_Special_Counter,2C26905C,0,Byte
P1_C_Jumping_Special_Counter,2C269BA4,0,Byte
P2_A_Jumping_Special_Counter,2C268AB8,0,Byte
P2_B_Jumping_Special_Counter,2C269600,0,Byte
P2_C_Jumping_Special_Counter,2C26A148,0,Byte
Jumps,,,Byte
P1_A_Jumps,2C268519,0,Byte
P1_B_Jumps,2C269061,0,Byte
P1_C_Jumps,2C269BA9,0,Byte
P2_A_Jumps,2C268ABD,0,Byte
P2_B_Jumps,2C269605,0,Byte
P2_C_Jumps,2C26A14D,0,Byte
Knockdown_State,,,Byte
P1_A_Knockdown_State,2C268510,0,Byte
P1_B_Knockdown_State,2C269058,0,Byte
P1_C_Knockdown_State,2C269BA0,0,Byte
P2_A_Knockdown_State,2C268AB4,0,Byte
P2_B_Knockdown_State,2C2695FC,0,Byte
P2_C_Knockdown_State,2C26A144,0,Byte
Landing_Shake,,,Byte
P1_A_Landing_Shake,2C268547,3,Byte
P1_B_Landing_Shake,2C26908F,3,Byte
P1_C_Landing_Shake,2C269BD7,3,Byte
P2_A_Landing_Shake,2C268AEB,3,Byte
P2_B_Landing_Shake,2C269633,3,Byte
P2_C_Landing_Shake,2C26A17B,3,Byte
Magneto_Throw_Toggle,,,Byte
P1_A_Magneto_Throw_Toggle,2C268576,0,Byte
P1_B_Magneto_Throw_Toggle,2C2690BE,0,Byte
P1_C_Magneto_Throw_Toggle,2C269C06,0,Byte
P2_A_Magneto_Throw_Toggle,2C268B1A,120,Byte
P2_B_Magneto_Throw_Toggle,2C269662,0,Byte
P2_C_Magneto_Throw_Toggle,2C26A1AA,0,Byte
Move_Disable,,,Byte
P1_A_Move_Disable,2C268533,0,Byte
P1_B_Move_Disable,2C26907B,0,Byte
P1_C_Move_Disable,2C269BC3,0,Byte
P2_A_Move_Disable,2C268AD7,0,Byte
P2_B_Move_Disable,2C26961F,0,Byte
P2_C_Move_Disable,2C26A167,0,Byte
Normal_Held_Direction,,,Byte
P1_A_Normal_Held_Direction,2C268362,0,Byte
P1_B_Normal_Held_Direction,2C268EAA,0,Byte
P1_C_Normal_Held_Direction,2C2699F2,0,Byte
P2_A_Normal_Held_Direction,2C268906,0,Byte
P2_B_Normal_Held_Direction,2C26944E,0,Byte
P2_C_Normal_Held_Direction,2C269F96,0,Byte
Normal_Location,,,Byte
P1_A_Normal_Location,2C26853F,0,Byte
P1_B_Normal_Location,2C269087,0,Byte
P1_C_Normal_Location,2C269BCF,0,Byte
P2_A_Normal_Location,2C268AE3,0,Byte
P2_B_Normal_Location,2C26962B,0,Byte
P2_C_Normal_Location,2C26A173,0,Byte
Normal_Strength,,,Byte
P1_A_Normal_Strength,2C2684E7,0,Byte
P1_B_Normal_Strength,2C26902F,0,Byte
P1_C_Normal_Strength,2C269B77,0,Byte
P2_A_Normal_Strength,2C268A8B,0,Byte
P2_B_Normal_Strength,2C2695D3,0,Byte
P2_C_Normal_Strength,2C26A11B,0,Byte
Powerup_Modifier,,,Byte
P1_A_Powerup_Modifier,2C26872E,0,2 Byte
P1_B_Powerup_Modifier,2C269276,0,2 Byte
P1_C_Powerup_Modifier,2C269DBE,0,2 Byte
P2_A_Powerup_Modifier,2C268CD2,0,2 Byte
P2_B_Powerup_Modifier,2C26981A,0,2 Byte
P2_C_Powerup_Modifier,2C26A362,0,2 Byte
Powerup_Timer,,,Byte
P1_A_Powerup_Timer,2C268726,0,2 Byte
P1_B_Powerup_Timer,2C26926E,0,2 Byte
P1_C_Powerup_Timer,2C269DB6,0,2 Byte
P2_A_Powerup_Timer,2C268CCA,0,2 Byte
P2_B_Powerup_Timer,2C269812,0,2 Byte
P2_C_Powerup_Timer,2C26A35A,0,2 Byte
ProxBlock,,,Byte
P1_A_Proxblock,2C26848A,0,Byte
P1_B_Proxblock,2C268FD2,0,Byte
P1_C_Proxblock,2C269B1A,0,Byte
P2_A_Proxblock,2C268A2E,0,Byte
P2_B_Proxblock,2C269576,0,Byte
P2_C_Proxblock,2C26A0BE,0,Byte
PunchKick,,,Byte
P1_A_PunchKick,2C26853E,0,2 Byte
P1_B_PunchKick,2C269086,0,2 Byte
P1_C_PunchKick,2C269BCE,0,2 Byte
P2_A_PunchKick,2C268AE2,0,2 Byte
P2_B_PunchKick,2C26962A,0,2 Byte
P2_C_PunchKick,2C26A172,0,2 Byte
SJ_Counter,,,Byte
P1_A_SJ_Counter,2C26853C,0,Byte
P1_B_SJ_Counter,2C269084,0,Byte
P1_C_SJ_Counter,2C269BCC,0,Byte
P2_A_SJ_Counter,2C268AE0,0,Byte
P2_B_SJ_Counter,2C269628,0,Byte
P2_C_SJ_Counter,2C26A170,0,Byte
Snapback_Timer,,,Byte
P1_A_Snapback_Timer,2C2685E0,0,2 Byte
P1_B_Snapback_Timer,2C269128,0,2 Byte
P1_C_Snapback_Timer,2C269C70,0,2 Byte
P2_A_Snapback_Timer,2C268B84,0,2 Byte
P2_B_Snapback_Timer,2C2696CC,0,2 Byte
P2_C_Snapback_Timer,2C26A214,0,2 Byte
Special_Attack_ID,,,Byte
P1_A_Special_Attack_ID,2C268529,0,Byte
P1_B_Special_Attack_ID,2C269071,0,Byte
P1_C_Special_Attack_ID,2C269BB9,0,Byte
P2_A_Special_Attack_ID,2C268ACD,8,Byte
P2_B_Special_Attack_ID,2C269615,4,Byte
P2_C_Special_Attack_ID,2C26A15D,4,Byte
Special_Strength,,,Byte
P1_A_Special_Strength,2C2684E3,0,Byte
P1_B_Special_Strength,2C26902B,0,Byte
P1_C_Special_Strength,2C269B73,0,Byte
P2_A_Special_Strength,2C268A87,0,Byte
P2_B_Special_Strength,2C2695CF,0,Byte
P2_C_Special_Strength,2C26A117,0,Byte
Speedup,,,Byte
P1_A_Speedup,2C268540,0,Byte
P1_B_Speedup,2C269088,0,Byte
P1_C_Speedup,2C269BD0,0,Byte
P2_A_Speedup,2C268AE4,0,Byte
P2_B_Speedup,2C26962C,0,Byte
P2_C_Speedup,2C26A174,0,Byte
Stun_Check,,,Byte
P1_A_Stun_Check,2C268345,0,Byte
P1_B_Stun_Check,2C268E8D,0,Byte
P1_C_Stun_Check,2C2699D5,0,Byte
P2_A_Stun_Check,2C2688E9,0,Byte
P2_B_Stun_Check,2C269431,0,Byte
P2_C_Stun_Check,2C269F79,0,Byte
Super_Armor,,,Byte
P1_A_Super_Armor,2C268732,0,Byte
P1_B_Super_Armor,2C26927A,0,Byte
P1_C_Super_Armor,2C269DC2,0,Byte
P2_A_Super_Armor,2C268CD6,0,Byte
P2_B_Super_Armor,2C26981E,0,Byte
P2_C_Super_Armor,2C26A366,0,Byte
THC_State,,,Byte
P1_A_THC_State,2C268595,0,Byte
P1_B_THC_State,2C2690DD,1,Byte
P1_C_THC_State,2C269C25,0,Byte
P2_A_THC_State,2C268B39,0,Byte
P2_B_THC_State,2C269681,8,Byte
P2_C_THC_State,2C26A1C9,8,Byte
Throw_Counter_Mash,,,Byte
P1_A_Throw_Counter_Mash,2C26859C,0,2 Byte
P1_B_Throw_Counter_Mash,2C2690E4,0,2 Byte
P1_C_Throw_Counter_Mash,2C269C2C,0,2 Byte
P2_A_Throw_Counter_Mash,2C268B40,0,2 Byte
P2_B_Throw_Counter_Mash,2C269688,0,2 Byte
P2_C_Throw_Counter_Mash,2C26A1D0,0,2 Byte
Throw_Immune,,,Byte
P1_A_Throw_Immune,2C26852B,0,Byte
P1_B_Throw_Immune,2C269073,0,Byte
P1_C_Throw_Immune,2C269BBB,0,Byte
P2_A_Throw_Immune,2C268ACF,0,Byte
P2_B_Throw_Immune,2C269617,0,Byte
P2_C_Throw_Immune,2C26A15F,0,Byte
Throw_Limiter,,,Byte
P1_A_Throw_Limiter,2C26857A,0,Byte
P1_B_Throw_Limiter,2C2690C2,0,Byte
P1_C_Throw_Limiter,2C269C0A,0,Byte
P2_A_Throw_Limiter,2C268B1E,0,Byte
P2_B_Throw_Limiter,2C269666,0,Byte
P2_C_Throw_Limiter,2C26A1AE,0,Byte
Throw_RNG,,,Byte
P1_A_Throw_RNG,2C26859E,0,2 Byte
P1_B_Throw_RNG,2C2690E6,0,2 Byte
P1_C_Throw_RNG,2C269C2E,0,2 Byte
P2_A_Throw_RNG,2C268B42,0,2 Byte
P2_B_Throw_RNG,2C26968A,0,2 Byte
P2_C_Throw_RNG,2C26A1D2,0,2 Byte
Trip_Checker,,,Byte
P1_A_Trip_Checker,2C2683AC,0,Byte
P1_B_Trip_Checker,2C268EF4,219,Byte
P1_C_Trip_Checker,2C269A3C,219,Byte
P2_A_Trip_Checker,2C268950,0,Byte
P2_B_Trip_Checker,2C269498,219,Byte
P2_C_Trip_Checker,2C269FE0,219,Byte
Unfly,,,Byte
P1_A_Unfly,2C268516,0,Byte
P1_B_Unfly,2C26905E,0,Byte
P1_C_Unfly,2C269BA6,0,Byte
P2_A_Unfly,2C268ABA,255,Byte
P2_B_Unfly,2C269602,0,Byte
P2_C_Unfly,2C26A14A,0,Byte
Walking,,,Byte
P1_A_Walking,2C268513,255,Byte
P1_B_Walking,2C26905B,255,Byte
P1_C_Walking,2C269BA3,255,Byte
P2_A_Walking,2C268AB7,255,Byte
P2_B_Walking,2C2695FF,255,Byte
P2_C_Walking,2C26A147,255,Byte
System_Values,,,Byte
Assist_Flags,,,Byte
P1_Assist_Flag,2C289632,0,Byte
P2_Assist_Flag,2C289633,0,Byte
Camera,,,Byte
Camera_1,,,Byte
Camera_Lock,2C26A51F,1,Byte
Camera_Field_of_View,2C26A584,43,Float
Camera_X_Position,2C26A56C,450.6577148,Float
Camera_X_Rotation,2C26A524,450.6577148,Float
Rotation Mirror,2C1F9CE4,450.6577148,Float
Camera_Y_Position,2C26A570,95.00001526,Float
Camera_Y_Rotation,2C26A528,95.00001526,Float
Camera_Z_Position,2C26A52C,812.3571167,Float
Camera_Z_Mirror_1,2C2D6B14,812.3571167,Float
Camera_Z_Mirror_2,2C1F9CE0,812.3571167,Float
Camera_Z_Sprite_Scale,2C26A538,812.3571167,Float
Camera_X_Left_Max,2C26A5B0,-1280,Float
Camera_X_Right_Max,2C26A5B4,1280,Float
Combo_Meter,,,Byte
P1_Attacks_Done,2C28966C,0,Byte
P1_Attacks_Successful,2C289670,90,2 Byte
P1_Combo_Meter_Value,2C268B50,0,Byte
P1_Max_Combo,2C2685AA,32,Byte
P2_Attacks_Done,2C28966E,0,Byte
P2_Attacks_Successful,2C289672,8,2 Byte
P2_Combo_Meter_Value,2C2685AC,0,Byte
P2_Max_Combo,2C268B4E,1,Byte
P1_Hitbox_Count,2C287DDE,1,Byte
P2_Hitbox_Count,2C287DDF,1,Byte
Frame_Skip,,,Byte
Frame_Counter,2C1F9D80,22417,4 Byte
Frame_Skip_Counter,2C289621,3,Byte
Frame_Skip_Cycle_Value,2C289600,22119,2 Byte
Frame_Skip_Rate,2C289620,4,Byte
Frame_Skip_Toggle,2C289622,0,Byte
Inputs,,,Byte
P1_Input_DEC,2C2681DC,0,2 Byte
P2_Input_DEC,2C2681F0,0,2 Byte
Meter,,,Byte
P1_Meter_Big,2C28964A,5,Byte
P1_Meter_Small,2C28966C,0,Byte
P2_Meter_Big,2C28964B,5,Byte
P2_Meter_Small,2C28966E,0,Byte
VS_Mode,,,Byte
Abyss_Stage_Change,2C26A8C8,0,Byte
Attack_Info_Display_A,2C2682EE,0,Byte
Attack_Info_Display_Health,2C2682E6,1,Byte
Attack_Info_Display_Y_Position,2C2682F2,3,Byte
First Attack Indicator,2C2895F2,128,Byte
HC_Gauge_Toggle,2C2682EA,1,Byte
Is_Paused,2C1C9166,0,Byte
Match_Start_Throw_Timer,2C289602,0,2 Byte
Match_Tracker,2C2895F0,4,Byte
P1_Pause_ID,2C212CA2,0,Byte
P2_Pause_ID,2C212CA3,0,Byte
Pause_Count,2C3461FD,0,Byte
Stage_Selector,2C26A95C,2,Byte
Timer_Secondary,2C289631,49,Byte
Versus_Score,,,Byte
P1_Versus_Score,,,Byte
P1_Wins_Value,2C28968C,0,Byte
P1_Wins_Label,2C13A2AC,WINS %2d,String
P2_Versus_Score,,,Byte
P2_Wins_Value,2C28968D,0,Byte
P2_Wins_Label,2C28A053,NEW HERO,String
Demo_Mode,,,Byte
Demo_Mode_Pointer,2C14DAE8,8C03E13E,4 Byte
Stage_Model_Selector,2C28C6F0,0,Byte
BackgroundColor,2C28C6EA,0,Byte
NumberSelector,2C28C6E9,0,Byte
model,2C13B55C,109,Byte
number,2C13B550,110,Byte
material,2C13B55C,109,Byte
vertex,2C13B570,118,Byte
PRESS,2C13B584,80,Byte
menu disp,2C28C71C,0,Byte
X,2C28C704,0,Float
Y,2C28C714,0,Float
Z,2C28C6F8,0,Float
extra,,,Byte
P1_A_Attack_Data_Index,2C2684E1,52,Byte
P1_A_Attack_Data_Pointer,2C2684B4,0C532F40,4 Byte
P1_A_CPU,2C268865,0,Byte
Storm HP,2C537738,0,Byte
Mash_Counter,2C26835E,65535,2 Byte
Guile Launcher Attack Data,2C4B8CC0,17,Byte
header_copy,,,Byte
Total_Frames,2C3496B0,39387,4 Byte
